date,benefits_order,sales_order,department_percentage,department_list,benefits,sales,customer_region,total,region_percentage,order_item_total,order_item_profit_ratio,department_list.1,customer_segment,customer_segment_total
2017-01-01,9125,3146400146,0.155,Sports A,38.97,39.88,Pacific Asia,341.0,0.341,39.88,12.92,Sports A,Consumer,60.0
2017-01-01,-2490899963,3113599854,0.134,Sports B,19.71,52.67,Africa,101.0,0.101,52.67,13.2,,Corporate,66.0
2017-01-02,-2477799988,3097200012,0.417,Men's & Children's,109.1,90.37,Europe,343.0,0.343,90.37,37.76,,Home Office,29.0
2017-01-02,2286000061,3048099976,0.222,Women's,65.65,24.73,LATAM,179.0,0.179,24.73,30.8,Sports B,Consumer,111.0
2017-01-02,1342100067,29825,0.07,Others,16.03,25.67,USCA,36.0,0.036,25.67,12.55,,Corporate,0.0
2017-01-02,1857999992,294980011,,,,,,1000.0,,,,,Home Office,23.0
2017-01-02,9518000031,2884200134,,,,,,,,,,Men's & Children's,Consumer,238.0
2017-01-02,6843000031,2851400146,,,,,,,,,,,Corporate,140.0
2017-01-02,1337200012,2785899963,,,,,,,,,,,Home Office,39.0
2017-01-03,1321499939,2753099976,,,,,,,,,,Women's,Consumer,128.0
2017-01-03,1305800018,2720299988,,,,,,,,,,,Corporate,35.0
2017-01-03,4568999863,2687600098,,,,,,,,,,,Home Office,59.0
2017-01-03,2176000023,2622000122,,,,,,,,,,Others,Consumer,57.0
2017-01-03,2457999992,2458099976,,,,,,,,,,,Corporate,4.0
2017-01-04,1638999939,32775,,,,,,,,,,,Home Office,4.0
2017-01-04,-2595799866,3244700012,,,,,,,,,,,,
2017-01-06,-2463600006,3212000122,,,,,,,,,,,,
2017-01-06,2384000015,3179200134,,,,,,,,,,,,
2017-01-07,1022600021,3146400146,,,,,,,,,,,,
2017-01-07,8718000031,3113599854,,,,,,,,,,,,
2017-01-07,1548600006,3097200012,,,,,,,,,,,,
2017-01-07,8230000305,3048099976,,,,,,,,,,,,
2017-01-07,2237000084,29825,,,,,,,,,,,,
2017-01-08,1770000076,294980011,,,,,,,,,,,,
2017-01-08,9027999878,2884200134,,,,,,,,,,,,
2017-01-08,1311699982,2851400146,,,,,,,,,,,,
2017-01-08,9054000092,2785899963,,,,,,,,,,,,
2017-01-08,8258999634,2753099976,,,,,,,,,,,,
2017-01-09,-1713999939,2720299988,,,,,,,,,,,,
2017-01-11,2364999962,2687600098,,,,,,,,,,,,
2017-01-11,7341999817,2622000122,,,,,,,,,,,,
2017-01-11,1130699997,2458099976,,,,,,,,,,,,
2017-01-11,2457999992,32775,,,,,,,,,,,,
2017-01-11,-9733999634,3244700012,,,,,,,,,,,,
2017-01-12,-4255799866,3212000122,,,,,,,,,,,,
2017-01-12,1526000061,3179200134,,,,,,,,,,,,
2017-01-12,1510299988,3146400146,,,,,,,,,,,,
2017-01-12,6227000046,3113599854,,,,,,,,,,,,
2017-01-12,35,3097200012,,,,,,,,,,,,
2017-01-13,5729999924,3048099976,,,,,,,,,,,,
2017-01-13,1431600037,29825,,,,,,,,,,,,
2017-01-13,1356900024,294980011,,,,,,,,,,,,
2017-01-13,1326699982,2884200134,,,,,,,,,,,,
2017-01-14,1197600021,2851400146,,,,,,,,,,,,
2017-01-14,3147999954,2785899963,,,,,,,,,,,,
2017-01-14,8616999817,2753099976,,,,,,,,,,,,
2017-01-15,1305800018,2720299988,,,,,,,,,,,,
2017-01-16,0,2687600098,,,,,,,,,,,,
2017-01-16,-3075,1151800003,,,,,,,,,,,,
2017-01-16,-1227300034,7918000031,,,,,,,,,,,,
2017-01-17,3359999847,96,,,,,,,,,,,,
2017-01-17,2469000053,7598000336,,,,,,,,,,,,
2017-01-18,9100000381,91,,,,,,,,,,,,
2017-01-18,-2175,87,,,,,,,,,,,,
2017-01-18,6150000095,82,,,,,,,,,,,,
2017-01-18,2240999985,7468000031,,,,,,,,,,,,
2017-01-18,2523999977,9015000153,,,,,,,,,,,,
2017-01-18,305699997,1175800018,,,,,,,,,,,,
2017-01-19,460699997,9598000336,,,,,,,,,,,,
2017-01-19,-1847799988,2639700012,,,,,,,,,,,,
2017-01-19,3875,1139700012,,,,,,,,,,,,
2017-01-20,-3650000095,6399000168,,,,,,,,,,,,
2017-01-20,3822999954,7966000366,,,,,,,,,,,,
2017-01-20,1293500061,2939700012,,,,,,,,,,,,
2017-01-20,1322899933,2699700012,,,,,,,,,,,,
2017-01-20,7604000092,2249799957,,,,,,,,,,,,
2017-01-20,8112999725,1763699951,,,,,,,,,,,,
2017-01-20,4352000046,1673699951,,,,,,,,,,,,
2017-01-21,6877999878,1637700043,,,,,,,,,,,,
2017-01-21,4049000168,1619700012,,,,,,,,,,,,
2017-01-22,2093000031,1395,,,,,,,,,,,,
2017-01-22,1219999981,1079700012,,,,,,,,,,,,
2017-01-22,1271000004,1125,,,,,,,,,,,,
2017-01-22,7760000229,5540999985,,,,,,,,,,,,
2017-01-22,1013899994,2999700012,,,,,,,,,,,,
2017-01-23,-2850700073,1781699982,,,,,,,,,,,,
2017-01-23,4274000168,1709700012,,,,,,,,,,,,
2017-01-24,493199997,1700700073,,,,,,,,,,,,
2017-01-24,8033999634,1673699951,,,,,,,,,,,,
2017-01-25,-2669000053,1637700043,,,,,,,,,,,,
2017-01-25,-1173300018,1529700012,,,,,,,,,,,,
2017-01-26,4788000107,1529700012,,,,,,,,,,,,
2017-01-26,72,150,,,,,,,,,,,,
2017-01-26,2994000053,1151699982,,,,,,,,,,,,
2017-01-27,2346999931,144,,,,,,,,,,,,
2017-02-01,6840000153,1425,,,,,,,,,,,,
2017-02-02,4365999985,1395,,,,,,,,,,,,
2017-02-02,1319999981,132,,,,,,,,,,,,
2017-02-03,4620000076,132,,,,,,,,,,,,
2017-02-04,1043999958,1305,,,,,,,,,,,,
2017-02-04,1556000042,1245,,,,,,,,,,,,
2017-02-04,3286000061,9958000183,,,,,,,,,,,,
2017-02-04,9600000381,240,,,,,,,,,,,,
2017-02-05,5509000015,1899499969,,,,,,,,,,,,
2017-02-05,6858999634,1889499969,,,,,,,,,,,,
2017-02-05,5197999954,23625,,,,,,,,,,,,
2017-02-05,-2362999916,23625,,,,,,,,,,,,
2017-02-05,6688999939,1365,,,,,,,,,,,,
2017-02-06,1146000004,1819499969,,,,,,,,,,,,
2017-02-06,225,225,,,,,,,,,,,,
2017-02-07,675,225,,,,,,,,,,,,
2017-02-07,7827999878,1739600067,,,,,,,,,,,,
2017-02-07,1044000015,2175,,,,,,,,,,,,
2017-02-08,4784999847,2175,,,,,,,,,,,,
2017-02-08,4418999863,1699600067,,,,,,,,,,,,
2017-02-09,85,2125,,,,,,,,,,,,
2017-02-09,8398000336,1679600067,,,,,,,,,,,,
2017-02-09,7013999939,2075,,,,,,,,,,,,
2017-02-10,7262999725,2075,,,,,,,,,,,,
2017-02-11,-140,200,,,,,,,,,,,,
2017-02-12,-3259999847,200,,,,,,,,,,,,
2017-02-12,6898000336,1499600067,,,,,,,,,,,,
2017-02-13,-1181000042,1875,,,,,,,,,,,,
2017-02-13,525,1875,,,,,,,,,,,,
2017-02-13,9187999725,1875,,,,,,,,,,,,
2017-02-14,2969000053,2375500031,,,,,,,,,,,,
2017-02-14,7369999695,1535500031,,,,,,,,,,,,
2017-02-14,-7919000244,3959599915,,,,,,,,,,,,
2017-02-14,3484999847,1244599991,,,,,,,,,,,,
2017-02-14,7408999634,2849500122,,,,,,,,,,,,
2017-02-15,1499900055,4999500122,,,,,,,,,,,,
2017-02-15,-1880999947,4949500122,,,,,,,,,,,,
2017-02-15,1406399994,4849500122,,,,,,,,,,,,
2017-02-16,36,4799500122,,,,,,,,,,,,
2017-02-17,1799799957,4799500122,,,,,,,,,,,,
2017-02-17,-7836699829,4749500122,,,,,,,,,,,,
2017-02-17,1994799957,4749500122,,,,,,,,,,,,
2017-02-17,-2699700012,4499599915,,,,,,,,,,,,
2017-02-17,-225,4499599915,,,,,,,,,,,,
2017-02-17,5906000137,3374599915,,,,,,,,,,,,
2017-02-18,1409799957,2999500122,,,,,,,,,,,,
2017-02-18,8166000366,2969500122,,,,,,,,,,,,
2017-02-18,1840999985,2969500122,,,,,,,,,,,,
2017-02-18,3322000122,2939500122,,,,,,,,,,,,
2017-02-18,2530999947,2909500122,,,,,,,,,,,,
2017-02-18,-2398600006,2879500122,,,,,,,,,,,,
2017-02-19,-1558999939,2834500122,,,,,,,,,,,,
2017-02-19,4002000046,8698999786,,,,,,,,,,,,
2017-02-20,4459000015,1273899994,,,,,,,,,,,,
2017-02-20,5795999908,1182900009,,,,,,,,,,,,
2017-02-21,3042000008,1169899979,,,,,,,,,,,,
2017-02-21,2460000038,4918999863,,,,,,,,,,,,
2017-02-21,4888000107,1039899979,,,,,,,,,,,,
2017-02-21,0,296980011,,,,,,,,,,,,
2017-02-21,9554000092,293980011,,,,,,,,,,,,
2017-02-21,-5058000183,2528800049,,,,,,,,,,,,
2017-02-22,1208300018,447519989,,,,,,,,,,,,
2017-02-22,2504000092,2503500061,,,,,,,,,,,,
2017-02-22,2126399994,443,,,,,,,,,,,,
2017-02-23,6868000031,2452899933,,,,,,,,,,,,
2017-02-23,1358300018,4339599915,,,,,,,,,,,,
2017-02-23,7808000183,2402400055,,,,,,,,,,,,
2017-02-23,5953499756,14175,,,,,,,,,,,,
2017-02-24,2136000061,4271799927,,,,,,,,,,,,
2017-02-24,2135899963,4271799927,,,,,,,,,,,,
2017-02-24,5579999924,1395,,,,,,,,,,,,
2017-02-24,1261200027,4203999939,,,,,,,,,,,,
2017-02-24,6900000095,2301199951,,,,,,,,,,,,
2017-02-24,-2776700134,4113599854,,,,,,,,,,,,
2017-02-24,1058600006,2301199951,,,,,,,,,,,,
2017-02-25,86,1365,,,,,,,,,,,,
2017-02-25,1952799988,4068399963,,,,,,,,,,,,
2017-02-25,2276000023,2275899963,,,,,,,,,,,,
2017-02-27,1805899963,384230011,,,,,,,,,,,,
2017-02-27,1010299988,2149499969,,,,,,,,,,,,
2017-02-28,1188499985,3797099915,,,,,,,,,,,,
2017-02-28,6086999893,2098899994,,,,,,,,,,,,
2017-02-28,7345999908,2098899994,,,,,,,,,,,,
2017-02-28,3988000107,2098899994,,,,,,,,,,,,
2017-03-01,1779199982,3706700134,,,,,,,,,,,,
2017-03-01,1297400055,3706700134,,,,,,,,,,,,
2017-03-01,6220999908,2073600006,,,,,,,,,,,,
2017-03-01,90,1200,,,,,,,,,,,,
2017-03-01,1186600037,3390299988,,,,,,,,,,,,
2017-03-02,4157999878,9899899902,,,,,,,,,,,,
2017-03-03,8619999886,7838999939,,,,,,,,,,,,
2017-03-03,1634000015,5218999863,,,,,,,,,,,,
2017-03-03,1252999973,4318999863,,,,,,,,,,,,
2017-03-03,2592000008,9598999786,,,,,,,,,,,,
2017-03-03,-1357999992,9498999786,,,,,,,,,,,,
2017-03-03,1003999996,4184000015,,,,,,,,,,,,
2017-03-03,1080000019,8998999786,,,,,,,,,,,,
2017-03-03,1671999931,8798999786,,,,,,,,,,,,
2017-03-04,2885000038,1282200012,,,,,,,,,,,,
2017-03-04,1339100037,2789700012,,,,,,,,,,,,
2017-03-04,7916000366,2729700012,,,,,,,,,,,,
2017-03-04,1911000061,2729700012,,,,,,,,,,,,
2017-03-05,1077000046,1709700012,,,,,,,,,,,,
2017-03-05,-2845299988,1673699951,,,,,,,,,,,,
2017-03-06,6968000031,1583699951,,,,,,,,,,,,
2017-03-06,7480000019,1187699966,,,,,,,,,,,,
2017-03-06,1102999973,735,,,,,,,,,,,,
2017-03-06,-248199997,132,,,,,,,,,,,,
2017-03-06,33,132,,,,,,,,,,,,
2017-03-07,3654000092,1305,,,,,,,,,,,,
2017-03-07,-7637000275,9958000183,,,,,,,,,,,,
2017-03-08,8760000229,9958000183,,,,,,,,,,,,
2017-03-08,3636999893,7422000122,,,,,,,,,,,,
2017-03-08,1812999916,4029000092,,,,,,,,,,,,
2017-03-09,-1298999977,2279600067,,,,,,,,,,,,
2017-03-09,7404000092,2039700012,,,,,,,,,,,,
2017-03-09,90,200,,,,,,,,,,,,
2017-03-09,-2190000057,1567599945,,,,,,,,,,,,
2017-03-09,8505000305,189,,,,,,,,,,,,
2017-03-10,3039999962,7997000122,,,,,,,,,,,,
2017-03-10,-2667900085,3639599915,,,,,,,,,,,,
2017-03-10,6479000092,2399600067,,,,,,,,,,,,
2017-03-12,8362000275,2303600006,,,,,,,,,,,,
2017-03-12,7408999634,2279600067,,,,,,,,,,,,
2017-03-12,9297000122,2267599945,,,,,,,,,,,,
2017-03-12,7055999756,2087700043,,,,,,,,,,,,
2017-03-12,96,200,,,,,,,,,,,,
2017-03-13,-1451300049,198,,,,,,,,,,,,
2017-03-13,45,1551600037,,,,,,,,,,,,
2017-03-13,5109000015,1511600037,,,,,,,,,,,,
2017-03-13,3125,1115999985,,,,,,,,,,,,
2017-03-14,-459,170,,,,,,,,,,,,
2017-03-14,-248,160,,,,,,,,,,,,
2017-03-15,1319999981,150,,,,,,,,,,,,
2017-03-16,4629000092,9445999908,,,,,,,,,,,,
2017-03-17,1821399994,3959599915,,,,,,,,,,,,
2017-03-17,-2614400024,3919599915,,,,,,,,,,,,
2017-03-17,1785800018,3799599915,,,,,,,,,,,,
2017-03-17,1674199982,3639599915,,,,,,,,,,,,
2017-03-18,-7666999817,3599599915,,,,,,,,,,,,
2017-03-18,1654199982,3519599915,,,,,,,,,,,,
2017-03-18,-8201000214,3519599915,,,,,,,,,,,,
2017-03-18,9179000092,3399700012,,,,,,,,,,,,
2017-03-18,4056000137,1247900009,,,,,,,,,,,,
2017-03-18,4118000031,1247900009,,,,,,,,,,,,
2017-03-19,2736000061,5699000168,,,,,,,,,,,,
2017-03-19,2605999947,1234899979,,,,,,,,,,,,
2017-03-19,3247999954,1234899979,,,,,,,,,,,,
2017-03-20,3581000137,1234899979,,,,,,,,,,,,
2017-03-21,1025100021,2050299988,,,,,,,,,,,,
2017-03-21,1543999958,1234899979,,,,,,,,,,,,
2017-03-21,4570000172,1234899979,,,,,,,,,,,,
2017-03-21,6175,1234899979,,,,,,,,,,,,
2017-03-22,3865000153,1234899979,,,,,,,,,,,,
2017-03-22,1425,5699000168,,,,,,,,,,,,
2017-03-22,-6170000076,1234899979,,,,,,,,,,,,
2017-03-22,2012999916,1234899979,,,,,,,,,,,,
2017-03-22,5434000015,1234899979,,,,,,,,,,,,
2017-03-22,4361000061,4361000061,,,,,,,,,,,,
2017-03-23,4299000168,1228399963,,,,,,,,,,,,
2017-03-23,1984000015,5668999863,,,,,,,,,,,,
2017-03-23,5404999924,1228399963,,,,,,,,,,,,
2017-03-24,-1842599945,1228399963,,,,,,,,,,,,
2017-03-24,3991999817,1228399963,,,,,,,,,,,,
2017-03-25,4152000046,1228399963,,,,,,,,,,,,
2017-03-25,9210000038,1228399963,,,,,,,,,,,,
2017-03-26,1227999973,1228399963,,,,,,,,,,,,
2017-03-26,3684999847,1228399963,,,,,,,,,,,,
2017-03-26,6045000076,1208899994,,,,,,,,,,,,
2017-03-27,-2937999916,1208899994,,,,,,,,,,,,
2017-03-27,1510999966,1208899994,,,,,,,,,,,,
2017-03-27,-1057799988,1208899994,,,,,,,,,,,,
2017-03-27,7286000061,2007100067,,,,,,,,,,,,
2017-03-28,2678000069,5579000092,,,,,,,,,,,,
2017-03-28,3179000092,1208899994,,,,,,,,,,,,
2017-03-28,7619999886,1208899994,,,,,,,,,,,,
2017-03-28,628199997,2007100067,,,,,,,,,,,,
2017-03-28,-1873800049,1208899994,,,,,,,,,,,,
2017-04-01,3143000031,1208899994,,,,,,,,,,,,
2017-04-02,-1405,2007100067,,,,,,,,,,,,
2017-04-02,3777000046,4291799927,,,,,,,,,,,,
2017-04-03,-1934299927,1208899994,,,,,,,,,,,,
2017-04-04,7626999664,2007100067,,,,,,,,,,,,
2017-04-04,1209000015,1208899994,,,,,,,,,,,,
2017-04-05,3263999939,1208899994,,,,,,,,,,,,
2017-04-05,2484000015,1182900009,,,,,,,,,,,,
2017-04-06,6170000076,5459000015,,,,,,,,,,,,
2017-04-06,9401999664,1918699951,,,,,,,,,,,,
2017-04-06,225,225,,,,,,,,,,,,
2017-04-07,1539999962,220,,,,,,,,,,,,
2017-04-07,5218999863,1739600067,,,,,,,,,,,,
2017-04-07,8498000336,1699600067,,,,,,,,,,,,
2017-04-07,6573000336,210,,,,,,,,,,,,
2017-04-07,7013999939,2075,,,,,,,,,,,,
2017-04-07,5602999878,2075,,,,,,,,,,,,
2017-04-07,1286999989,2075,,,,,,,,,,,,
2017-04-08,6416999817,205,,,,,,,,,,,,
2017-04-08,1004499969,205,,,,,,,,,,,,
2017-04-08,7175,205,,,,,,,,,,,,
2017-04-08,7259999847,200,,,,,,,,,,,,
2017-04-09,6748000336,1499600067,,,,,,,,,,,,
2017-04-09,2119000053,1875,,,,,,,,,,,,
2017-04-09,5997999954,1249499969,,,,,,,,,,,,
2017-04-10,3561000061,1186999969,,,,,,,,,,,,
2017-04-11,3990999985,1180800018,,,,,,,,,,,,
2017-04-11,2327000046,7434999847,,,,,,,,,,,,
2017-04-11,3088999939,6716000366,,,,,,,,,,,,
2017-04-11,1140999985,1311600037,,,,,,,,,,,,
2017-04-11,5397999954,1199599991,,,,,,,,,,,,
2017-04-11,8215000153,1867100067,,,,,,,,,,,,
2017-04-11,6648999786,4749500122,,,,,,,,,,,,
2017-04-12,8098999786,2999500122,,,,,,,,,,,,
2017-04-12,5477000046,1659600067,,,,,,,,,,,,
2017-04-12,-265,200,,,,,,,,,,,,
2017-04-12,5115999985,1967599945,,,,,,,,,,,,
2017-04-12,8548999786,2849500122,,,,,,,,,,,,
2017-04-12,5913000107,1749499969,,,,,,,,,,,,
2017-04-12,8413999939,4949500122,,,,,,,,,,,,
2017-04-12,6583000183,1371499939,,,,,,,,,,,,
2017-04-12,4311999893,4899500122,,,,,,,,,,,,
2017-04-13,2424799957,4849500122,,,,,,,,,,,,
2017-04-13,-1154199982,4849500122,,,,,,,,,,,,
2017-04-13,1091100006,4849500122,,,,,,,,,,,,
2017-04-13,5243999863,1551499939,,,,,,,,,,,,
2017-04-13,9600000381,4799500122,,,,,,,,,,,,
2017-04-13,2303800049,4799500122,,,,,,,,,,,,
2017-04-14,4179999924,4749500122,,,,,,,,,,,,
2017-04-14,475,4749500122,,,,,,,,,,,,
2017-04-14,2184799957,4749500122,,,,,,,,,,,,
2017-04-14,-981000042,1661999969,,,,,,,,,,,,
2017-04-15,8266000366,1653300018,,,,,,,,,,,,
2017-04-15,1743600006,4649500122,,,,,,,,,,,,
2017-04-15,1592299957,4549500122,,,,,,,,,,,,
2017-04-15,4997000122,1019800034,,,,,,,,,,,,
2017-04-15,4690999985,1019800034,,,,,,,,,,,,
2017-04-16,3236000061,9958000183,,,,,,,,,,,,
2017-04-18,3684999847,9958000183,,,,,,,,,,,,
2017-04-18,4979000092,9958000183,,,,,,,,,,,,
2017-04-18,35,100,,,,,,,,,,,,
2017-04-19,43,100,,,,,,,,,,,,
2017-04-19,0,99,,,,,,,,,,,,
2017-04-19,2177000046,7918000031,,,,,,,,,,,,
2017-04-20,1096000004,97,,,,,,,,,,,,
2017-04-20,4127999878,96,,,,,,,,,,,,
2017-04-20,2687000084,7677999878,,,,,,,,,,,,
2017-04-20,3418999863,7598000336,,,,,,,,,,,,
2017-04-21,3570999908,7598000336,,,,,,,,,,,,
2017-04-21,1188000011,95,,,,,,,,,,,,
2017-04-21,1852000046,1323000031,,,,,,,,,,,,
2017-04-21,1744000053,465,,,,,,,,,,,,
2017-04-22,3022999954,93,,,,,,,,,,,,
2017-04-23,-16275,93,,,,,,,,,,,,
2017-04-23,2460000038,7277999878,,,,,,,,,,,,
2017-04-24,3599000168,7198000336,,,,,,,,,,,,
2017-04-24,1712999916,7198000336,,,,,,,,,,,,
2017-04-24,4140000153,90,,,,,,,,,,,,
2017-04-24,2338999939,7198000336,,,,,,,,,,,,
2017-04-25,2142000008,90,,,,,,,,,,,,
2017-04-25,2817000008,90,,,,,,,,,,,,
2017-04-26,-1147000027,7037999725,,,,,,,,,,,,
2017-04-26,2904000092,88,,,,,,,,,,,,
2017-04-26,2348999977,87,,,,,,,,,,,,
2017-04-27,1912999916,85,,,,,,,,,,,,
2017-04-27,596999979,6637999725,,,,,,,,,,,,
2017-04-27,7210000038,6558000183,,,,,,,,,,,,
2017-04-27,2163999939,6558000183,,,,,,,,,,,,
2017-04-28,-9050000191,6558000183,,,,,,,,,,,,
2017-04-28,721999979,82,,,,,,,,,,,,
2017-04-28,3759999847,80,,,,,,,,,,,,
2017-05-01,3679999924,80,,,,,,,,,,,,
2017-05-01,1620000076,5999000168,,,,,,,,,,,,
2017-05-02,2759000015,5999000168,,,,,,,,,,,,
2017-05-02,1275,75,,,,,,,,,,,,
2017-05-03,19,6334000015,,,,,,,,,,,,
2017-05-03,1369999981,4722999954,,,,,,,,,,,,
2017-05-03,1582999992,3597999954,,,,,,,,,,,,
2017-05-04,2644000053,8445999908,,,,,,,,,,,,
2017-05-04,-4588999939,2622000122,,,,,,,,,,,,
2017-05-04,1032399979,2458099976,,,,,,,,,,,,
2017-05-04,8194000244,32775,,,,,,,,,,,,
2017-05-05,2434000015,3244700012,,,,,,,,,,,,
2017-05-05,-3629999924,3212000122,,,,,,,,,,,,
2017-05-05,1112699966,3179200134,,,,,,,,,,,,
2017-05-05,1142099991,3146400146,,,,,,,,,,,,
2017-05-06,-7130000305,3113599854,,,,,,,,,,,,
2017-05-06,3716999817,3097200012,,,,,,,,,,,,
2017-05-06,1463099976,3048099976,,,,,,,,,,,,
2017-05-06,7455999756,29825,,,,,,,,,,,,
2017-05-06,59,294980011,,,,,,,,,,,,
2017-05-07,8363999939,2884200134,,,,,,,,,,,,
2017-05-07,1368699951,2851400146,,,,,,,,,,,,
2017-05-08,2088999939,2785899963,,,,,,,,,,,,
2017-05-08,-5506000137,2753099976,,,,,,,,,,,,
2017-05-08,3618000031,2720299988,,,,,,,,,,,,
2017-05-09,1316900024,2687600098,,,,,,,,,,,,
2017-05-09,9176999664,2622000122,,,,,,,,,,,,
2017-05-09,-1639600067,2458099976,,,,,,,,,,,,
2017-05-10,1442100067,32775,,,,,,,,,,,,
2017-05-11,3245000076,3244700012,,,,,,,,,,,,
2017-05-11,9315000153,3212000122,,,,,,,,,,,,
2017-05-12,7948000336,3179200134,,,,,,,,,,,,
2017-05-12,1006800003,3146400146,,,,,,,,,,,,
2017-05-13,1494499969,3113599854,,,,,,,,,,,,
2017-05-14,8052999878,3097200012,,,,,,,,,,,,
2017-05-14,-3475,3048099976,,,,,,,,,,,,
2017-05-15,1461399994,29825,,,,,,,,,,,,
2017-05-15,2212000084,294980011,,,,,,,,,,,,
2017-05-16,-4470499878,2884200134,,,,,,,,,,,,
2017-05-16,1069300003,2851400146,,,,,,,,,,,,
2017-05-17,-4596700134,2785899963,,,,,,,,,,,,
2017-05-17,-6193999863,2753099976,,,,,,,,,,,,
2017-05-17,1115299988,2720299988,,,,,,,,,,,,
2017-05-17,1316900024,2687600098,,,,,,,,,,,,
2017-05-17,8522000122,2622000122,,,,,,,,,,,,
2017-05-17,6390999985,2458099976,,,,,,,,,,,,
2017-05-18,-273019989,32775,,,,,,,,,,,,
2017-05-18,-2595799866,3244700012,,,,,,,,,,,,
2017-05-18,2023999977,3212000122,,,,,,,,,,,,
2017-05-18,1112699966,3179200134,,,,,,,,,,,,
2017-05-19,0,3146400146,,,,,,,,,,,,
2017-05-20,9745999908,3113599854,,,,,,,,,,,,
2017-05-20,898199997,3097200012,,,,,,,,,,,,
2017-05-20,8534999847,3048099976,,,,,,,,,,,,
2017-05-21,1252699966,29825,,,,,,,,,,,,
2017-05-21,9144000244,294980011,,,,,,,,,,,,
2017-05-21,7787000275,2884200134,,,,,,,,,,,,
2017-05-22,8269000244,2851400146,,,,,,,,,,,,
2017-05-22,6965000153,2785899963,,,,,,,,,,,,
2017-05-22,1348999939,2753099976,,,,,,,,,,,,
2017-05-23,-1993999939,2720299988,,,,,,,,,,,,
2017-05-24,-215,2687600098,,,,,,,,,,,,
2017-05-24,820699997,2622000122,,,,,,,,,,,,
2017-05-24,7694000244,2458099976,,,,,,,,,,,,
2017-05-24,-540789978,32775,,,,,,,,,,,,
2017-05-24,-1460099945,3244700012,,,,,,,,,,,,
2017-05-25,9315000153,3212000122,,,,,,,,,,,,
2017-05-25,1494199982,3179200134,,,,,,,,,,,,
2017-05-26,3145999908,3146400146,,,,,,,,,,,,
2017-05-26,0,3113599854,,,,,,,,,,,,
2017-05-26,1517599945,3097200012,,,,,,,,,,,,
2017-05-28,1463099976,3048099976,,,,,,,,,,,,
2017-05-28,2087999916,29825,,,,,,,,,,,,
2017-06-01,9587000275,294980011,,,,,,,,,,,,
2017-06-01,1355599976,2884200134,,,,,,,,,,,,
2017-06-01,7413999939,2851400146,,,,,,,,,,,,
2017-06-02,78,2785899963,,,,,,,,,,,,
2017-06-02,-1836300049,2753099976,,,,,,,,,,,,
2017-06-03,9875,2720299988,,,,,,,,,,,,
2017-06-04,2687999916,2687600098,,,,,,,,,,,,
2017-06-04,9176999664,2622000122,,,,,,,,,,,,
2017-06-04,-1801799927,2458099976,,,,,,,,,,,,
2017-06-05,-2513800049,32775,,,,,,,,,,,,
2017-06-05,-2378399963,3244700012,,,,,,,,,,,,
2017-06-05,2827000046,3212000122,,,,,,,,,,,,
2017-06-06,8743000031,3179200134,,,,,,,,,,,,
2017-06-06,8275,3146400146,,,,,,,,,,,,
2017-06-07,1167600021,3113599854,,,,,,,,,,,,
2017-06-07,1486699982,3097200012,,,,,,,,,,,,
2017-06-08,-7254000092,3048099976,,,,,,,,,,,,
2017-06-08,1461399994,29825,,,,,,,,,,,,
2017-06-08,1297899933,294980011,,,,,,,,,,,,
2017-06-09,1124800034,2884200134,,,,,,,,,,,,
2017-06-09,7698999786,2851400146,,,,,,,,,,,,
2017-06-09,7522000122,2785899963,,,,,,,,,,,,
2017-06-09,1238899994,2753099976,,,,,,,,,,,,
2017-06-09,1333000031,2720299988,,,,,,,,,,,,
2017-06-09,9083999634,2687600098,,,,,,,,,,,,
2017-06-10,-4379000092,2622000122,,,,,,,,,,,,
2017-06-10,9218000031,2458099976,,,,,,,,,,,,
2017-06-10,4097000122,32775,,,,,,,,,,,,
2017-06-11,4543000031,3244700012,,,,,,,,,,,,
2017-06-11,1445399933,3212000122,,,,,,,,,,,,
2017-06-11,3179000092,3179200134,,,,,,,,,,,,
2017-06-12,5759999847,120,,,,,,,,,,,,
2017-06-12,1271000004,1125,,,,,,,,,,,,
2017-06-12,9562000275,2549700012,,,,,,,,,,,,
2017-06-12,3533000183,1139700012,,,,,,,,,,,,
2017-06-12,-1912000084,2549700012,,,,,,,,,,,,
2017-06-12,2851000023,1781699982,,,,,,,,,,,,
2017-06-12,1296000004,1727700043,,,,,,,,,,,,
2017-06-13,3622999954,1700700073,,,,,,,,,,,,
2017-06-13,621999979,1637700043,,,,,,,,,,,,
2017-06-13,-1020299988,1529700012,,,,,,,,,,,,
2017-06-13,645,150,,,,,,,,,,,,
2017-06-14,4415000153,9598000336,,,,,,,,,,,,
2017-06-14,-4110000134,6530999756,,,,,,,,,,,,
2017-06-14,-5756000137,3597999954,,,,,,,,,,,,
2017-06-15,2818000031,1565700073,,,,,,,,,,,,
2017-06-15,3441999817,1147200012,,,,,,,,,,,,
2017-06-16,-2154799957,2939700012,,,,,,,,,,,,
2017-06-16,7252999878,2789700012,,,,,,,,,,,,
2017-06-16,5354000092,1529700012,,,,,,,,,,,,
2017-06-17,6693000031,1455,,,,,,,,,,,,
2017-06-18,1394999981,1395,,,,,,,,,,,,
2017-06-18,5913000107,3359700012,,,,,,,,,,,,
2017-06-18,4299000168,1228399963,,,,,,,,,,,,
2017-06-19,1385899963,3959599915,,,,,,,,,,,,
2017-06-19,0,1266800003,,,,,,,,,,,,
2017-06-20,1411100006,3919599915,,,,,,,,,,,,
2017-06-20,7705000305,2279600067,,,,,,,,,,,,
2017-06-20,5845000076,2015700073,,,,,,,,,,,,
2017-06-20,1773999977,2015700073,,,,,,,,,,,,
2017-06-21,-1466000061,200,,,,,,,,,,,,
2017-06-22,5486999893,1567599945,,,,,,,,,,,,
2017-06-23,8359999847,190,,,,,,,,,,,,
2017-06-23,8505000305,189,,,,,,,,,,,,
2017-06-23,-1488000031,186,,,,,,,,,,,,
2017-06-23,-3391999817,1455599976,,,,,,,,,,,,
2017-06-23,6840000153,180,,,,,,,,,,,,
2017-06-23,3711000061,1279700012,,,,,,,,,,,,
2017-06-24,-2548999977,8497000122,,,,,,,,,,,,
2017-06-25,1861000061,3959599915,,,,,,,,,,,,
2017-06-25,3841999817,3399700012,,,,,,,,,,,,
2017-06-25,1310299988,3359700012,,,,,,,,,,,,
2017-06-25,9358000183,2399600067,,,,,,,,,,,,
2017-06-25,-255,2039700012,,,,,,,,,,,,
2017-06-26,9876999664,2015700073,,,,,,,,,,,,
2017-06-26,9072000122,189,,,,,,,,,,,,
2017-06-27,6118000031,1359700012,,,,,,,,,,,,
2017-06-27,-1155999985,170,,,,,,,,,,,,
2017-06-27,5095000076,2038000031,,,,,,,,,,,,
2017-06-27,-6990000153,9445999908,,,,,,,,,,,,
2017-06-28,1413000011,2279600067,,,,,,,,,,,,
2017-06-28,8423000336,2159600067,,,,,,,,,,,,
2017-07-02,5115999985,1967700043,,,,,,,,,,,,
2017-07-02,5190000153,1535599976,,,,,,,,,,,,
2017-07-02,6240000153,192,,,,,,,,,,,,
2017-07-02,3799999952,1519600067,,,,,,,,,,,,
2017-07-02,9072000122,189,,,,,,,,,,,,
2017-07-02,1311999989,1311699982,,,,,,,,,,,,
2017-07-03,5084000015,164,,,,,,,,,,,,
2017-07-03,-7676999664,9595999908,,,,,,,,,,,,
2017-07-03,7636000061,166,,,,,,,,,,,,
2017-07-03,3674000168,1266800003,,,,,,,,,,,,
2017-07-04,1022900009,2087700043,,,,,,,,,,,,
2017-07-04,9598000336,1919700012,,,,,,,,,,,,
2017-07-05,6748999786,1799700012,,,,,,,,,,,,
2017-07-05,-5399000168,1799700012,,,,,,,,,,,,
2017-07-05,5633000183,1799700012,,,,,,,,,,,,
2017-07-05,4804000092,1455599976,,,,,,,,,,,,
2017-07-05,5270000076,170,,,,,,,,,,,,
2017-07-05,-6524299927,4349599915,,,,,,,,,,,,
2017-07-06,7690000153,2275,,,,,,,,,,,,
2017-07-06,1749799957,4999500122,,,,,,,,,,,,
2017-07-06,1143899994,4399599915,,,,,,,,,,,,
2017-07-07,13675,2909500122,,,,,,,,,,,,
2017-07-07,1867000008,2489600067,,,,,,,,,,,,
2017-07-07,8415000153,2489600067,,,,,,,,,,,,
2017-07-08,-6763999939,2459600067,,,,,,,,,,,,
2017-07-08,5095000076,1959499969,,,,,,,,,,,,
2017-07-08,1023799973,2275,,,,,,,,,,,,
2017-07-08,2925,225,,,,,,,,,,,,
2017-07-09,585,225,,,,,,,,,,,,
2017-07-09,-3383000183,1799600067,,,,,,,,,,,,
2017-07-10,8437999725,225,,,,,,,,,,,,
2017-07-11,-170,2125,,,,,,,,,,,,
2017-07-11,7862999725,2125,,,,,,,,,,,,
2017-07-11,-7262999725,2905,,,,,,,,,,,,
2017-07-11,-5130000114,205,,,,,,,,,,,,
2017-07-12,2520999908,9694999695,,,,,,,,,,,,
2017-07-12,1128000031,240,,,,,,,,,,,,
2017-07-12,6809999943,1583500061,,,,,,,,,,,,
2017-07-12,1055999985,3519899902,,,,,,,,,,,,
2017-07-12,4088999939,8698999786,,,,,,,,,,,,
2017-07-12,-1389999986,2351000023,,,,,,,,,,,,
2017-07-13,1444400024,461480011,,,,,,,,,,,,
2017-07-13,4809999847,1299900055,,,,,,,,,,,,
2017-07-13,144,2999899902,,,,,,,,,,,,
2017-07-13,1118000031,1299900055,,,,,,,,,,,,
2017-07-14,-975,1299900055,,,,,,,,,,,,
2017-07-14,-2379000092,1299900055,,,,,,,,,,,,
2017-07-14,2444000053,1299900055,,,,,,,,,,,,
2017-07-15,2970000076,5938999939,,,,,,,,,,,,
2017-07-15,1142200012,4568699951,,,,,,,,,,,,
2017-07-16,6177000046,1286900024,,,,,,,,,,,,
2017-07-16,1672999954,1286900024,,,,,,,,,,,,
2017-07-16,1672999954,1286900024,,,,,,,,,,,,
2017-07-17,-110699997,1286900024,,,,,,,,,,,,
2017-07-18,-9008000183,1286900024,,,,,,,,,,,,
2017-07-18,4670999908,1286900024,,,,,,,,,,,,
2017-07-18,2284000015,4568699951,,,,,,,,,,,,
2017-07-18,3475,1286900024,,,,,,,,,,,,
2017-07-19,418199997,1286900024,,,,,,,,,,,,
2017-07-20,3475,1286900024,,,,,,,,,,,,
2017-07-21,-1038799973,5879000092,,,,,,,,,,,,
2017-07-21,535,1273899994,,,,,,,,,,,,
2017-07-21,1273999977,1273899994,,,,,,,,,,,,
2017-07-22,-4509000015,5879000092,,,,,,,,,,,,
2017-07-22,6304999924,1260899963,,,,,,,,,,,,
2017-07-22,-798199997,1260899963,,,,,,,,,,,,
2017-07-22,1513000011,5818999863,,,,,,,,,,,,
2017-07-22,3277999878,1260899963,,,,,,,,,,,,
2017-07-22,3783000183,1260899963,,,,,,,,,,,,
2017-07-23,5240999985,1247900009,,,,,,,,,,,,
2017-07-23,1247999954,1247900009,,,,,,,,,,,,
2017-07-25,-9047000122,1247900009,,,,,,,,,,,,
2017-07-25,5490999985,1247900009,,,,,,,,,,,,
2017-07-25,-2807999992,1247900009,,,,,,,,,,,,
2017-07-26,2137000084,5699000168,,,,,,,,,,,,
2017-07-26,5650999832,1228399963,,,,,,,,,,,,
2017-07-26,2835000038,5668999863,,,,,,,,,,,,
2017-07-27,-245699997,1228399963,,,,,,,,,,,,
2017-07-27,5895999908,1228399963,,,,,,,,,,,,
2017-07-27,7739999771,1228399963,,,,,,,,,,,,
2017-07-28,5527999878,1228399963,,,,,,,,,,,,
2017-07-28,4231000137,1208899994,,,,,,,,,,,,
2017-07-28,4231000137,1208899994,,,,,,,,,,,,
2017-08-01,3627000046,1208899994,,,,,,,,,,,,
2017-08-01,2838999939,1182900009,,,,,,,,,,,,
2017-08-01,-9073000336,1182900009,,,,,,,,,,,,
2017-08-01,3666999817,1182900009,,,,,,,,,,,,
2017-08-01,8869999886,1182900009,,,,,,,,,,,,
2017-08-01,5440999985,1182900009,,,,,,,,,,,,
2017-08-01,3311999893,1182900009,,,,,,,,,,,,
2017-08-01,5615999985,1169899979,,,,,,,,,,,,
2017-08-02,3275999832,1169899979,,,,,,,,,,,,
2017-08-02,1637999916,1169899979,,,,,,,,,,,,
2017-08-03,178199997,5399000168,,,,,,,,,,,,
2017-08-03,-8098999786,5399000168,,,,,,,,,,,,
2017-08-03,2973999977,1143899994,,,,,,,,,,,,
2017-08-03,7210000038,1143899994,,,,,,,,,,,,
2017-08-03,3316999817,1143899994,,,,,,,,,,,,
2017-08-04,5604999924,1143899994,,,,,,,,,,,,
2017-08-04,-343199997,1143899994,,,,,,,,,,,,
2017-08-06,5375999832,1143899994,,,,,,,,,,,,
2017-08-06,3675,1130899963,,,,,,,,,,,,
2017-08-06,3053000069,1130899963,,,,,,,,,,,,
2017-08-06,-3393000031,1130899963,,,,,,,,,,,,
2017-08-07,4240999985,1130899963,,,,,,,,,,,,
2017-08-07,3393000031,1130899963,,,,,,,,,,,,
2017-08-07,-8720000267,5218999863,,,,,,,,,,,,
2017-08-07,5202000046,1130899963,,,,,,,,,,,,
2017-08-07,-3393000031,1130899963,,,,,,,,,,,,
2017-08-09,3675,1130899963,,,,,,,,,,,,
2017-08-09,3540000153,1130899963,,,,,,,,,,,,
2017-08-09,1427999973,5099000168,,,,,,,,,,,,
2017-08-09,2872999954,1104899979,,,,,,,,,,,,
2017-08-10,2762000084,1104899979,,,,,,,,,,,,
2017-08-10,1326000023,1104899979,,,,,,,,,,,,
2017-08-11,1456999969,3035400085,,,,,,,,,,,,
2017-08-11,3734999847,1104899979,,,,,,,,,,,,
2017-08-11,3590999985,1104899979,,,,,,,,,,,,
2017-08-12,5083000183,1104899979,,,,,,,,,,,,
2017-08-12,3094000053,1104899979,,,,,,,,,,,,
2017-08-12,3418000031,1091900024,,,,,,,,,,,,
2017-08-12,4913999939,1091900024,,,,,,,,,,,,
2017-08-12,2947999954,1091900024,,,,,,,,,,,,
2017-08-13,1360999966,5038999939,,,,,,,,,,,,
2017-08-14,1453699951,3876400146,,,,,,,,,,,,
2017-08-14,3275999832,1091900024,,,,,,,,,,,,
2017-08-14,0,1091900024,,,,,,,,,,,,
2017-08-14,3236999893,1078899994,,,,,,,,,,,,
2017-08-15,1275500031,2834500122,,,,,,,,,,,,
2017-08-15,5460000038,2729500122,,,,,,,,,,,,
2017-08-15,2700000048,2699599915,,,,,,,,,,,,
2017-08-15,1082200012,2639599915,,,,,,,,,,,,
2017-08-15,9501999664,2639599915,,,,,,,,,,,,
2017-08-15,4906000137,2609599915,,,,,,,,,,,,
2017-08-16,7138999939,2549600067,,,,,,,,,,,,
2017-08-16,4786999893,2519600067,,,,,,,,,,,,
2017-08-16,2812999916,2489600067,,,,,,,,,,,,
2017-08-16,6299000168,2249600067,,,,,,,,,,,,
2017-08-16,5999000168,1999499969,,,,,,,,,,,,
2017-08-16,9075,250,,,,,,,,,,,,
2017-08-17,3499000168,1999499969,,,,,,,,,,,,
2017-08-17,2475,2475,,,,,,,,,,,,
2017-08-17,3915000153,3465,,,,,,,,,,,,
2017-08-18,-5831000137,245,,,,,,,,,,,,
2017-08-18,4288000107,1225,,,,,,,,,,,,
2017-08-19,-3684000015,1959499969,,,,,,,,,,,,
2017-08-19,7449999809,1959499969,,,,,,,,,,,,
2017-08-19,48,240,,,,,,,,,,,,
2017-08-20,-5208000183,240,,,,,,,,,,,,
2017-08-20,78,240,,,,,,,,,,,,
2017-08-21,1163799973,2375,,,,,,,,,,,,
2017-08-21,4252999878,23625,,,,,,,,,,,,
2017-08-21,6297999954,1799600067,,,,,,,,,,,,
2017-08-21,5879999924,1739600067,,,,,,,,,,,,
2017-08-21,-4045999908,2175,,,,,,,,,,,,
2017-08-23,3827999878,2175,,,,,,,,,,,,
2017-08-23,2719000053,2175,,,,,,,,,,,,
2017-08-24,-3187999916,2125,,,,,,,,,,,,
2017-08-24,595,2125,,,,,,,,,,,,
2017-08-24,1326000023,1699600067,,,,,,,,,,,,
2017-08-24,3359000015,1679600067,,,,,,,,,,,,
2017-08-24,6090000153,210,,,,,,,,,,,,
2017-08-25,-2459400024,1639600067,,,,,,,,,,,,
2017-08-25,58,200,,,,,,,,,,,,
2017-08-26,3079999924,280,,,,,,,,,,,,
2017-08-26,18,2399499969,,,,,,,,,,,,
2017-08-26,5509999847,1224499969,,,,,,,,,,,,
2017-08-26,-1427999973,2303500061,,,,,,,,,,,,
2017-08-27,3187999916,1180800018,,,,,,,,,,,,
2017-08-27,5343999863,1136999969,,,,,,,,,,,,
2017-08-28,453000021,7195999908,,,,,,,,,,,,
2017-08-28,1185999966,1049599991,,,,,,,,,,,,
2017-09-01,3561999893,2849500122,,,,,,,,,,,,
2017-09-01,7643000031,2729500122,,,,,,,,,,,,
2017-09-01,4049000168,2699599915,,,,,,,,,,,,
2017-09-01,1274800034,2549600067,,,,,,,,,,,,
2017-09-02,1180599976,2459600067,,,,,,,,,,,,
2017-09-02,-8998999786,2249600067,,,,,,,,,,,,
2017-09-02,8727999878,1939499969,,,,,,,,,,,,
2017-09-02,8712000275,240,,,,,,,,,,,,
2017-09-02,6075,225,,,,,,,,,,,,
2017-09-03,1023799973,315,,,,,,,,,,,,
2017-09-03,7436000061,220,,,,,,,,,,,,
2017-09-03,-1906499939,123,,,,,,,,,,,,
2017-09-03,98,200,,,,,,,,,,,,
2017-09-04,5249000168,1499600067,,,,,,,,,,,,
2017-09-04,-1012399979,4499599915,,,,,,,,,,,,
2017-09-04,6374000168,4249599915,,,,,,,,,,,,
2017-09-04,1012399979,3749599915,,,,,,,,,,,,
2017-09-05,1355000019,1539600067,,,,,,,,,,,,
2017-09-05,4799000168,1599499969,,,,,,,,,,,,
2017-09-05,-3495000076,150,,,,,,,,,,,,
2017-09-05,1519799957,4749500122,,,,,,,,,,,,
2017-09-06,-2834700012,4724500122,,,,,,,,,,,,
2017-09-06,1455299988,4649500122,,,,,,,,,,,,
2017-09-06,-7904199829,4649500122,,,,,,,,,,,,
2017-09-06,2074799957,4149599915,,,,,,,,,,,,
2017-09-06,3279000092,1311600037,,,,,,,,,,,,
2017-09-07,-3499700012,3999599915,,,,,,,,,,,,
2017-09-08,9580999756,2834500122,,,,,,,,,,,,
2017-09-08,7937000275,2834500122,,,,,,,,,,,,
2017-09-09,8618000031,2549600067,,,,,,,,,,,,
2017-09-09,-9765000153,2549600067,,,,,,,,,,,,
2017-09-09,-4206799927,2549600067,,,,,,,,,,,,
2017-09-09,1249300003,2549600067,,,,,,,,,,,,
2017-09-09,8819000244,2519600067,,,,,,,,,,,,
2017-09-09,9037000275,2489600067,,,,,,,,,,,,
2017-09-10,7469000244,2489600067,,,,,,,,,,,,
2017-09-10,8927999878,2459600067,,,,,,,,,,,,
2017-09-10,9501999664,1979499969,,,,,,,,,,,,
2017-09-10,7429999828,2475,,,,,,,,,,,,
2017-09-11,2769000053,245,,,,,,,,,,,,
2017-09-12,9022000122,1919499969,,,,,,,,,,,,
2017-09-12,9262999725,2375,,,,,,,,,,,,
2017-09-12,1496000004,2375,,,,,,,,,,,,
2017-09-12,5906000137,23625,,,,,,,,,,,,
2017-09-12,7208000183,2325,,,,,,,,,,,,
2017-09-13,-5534000015,2325,,,,,,,,,,,,
2017-09-13,8298999786,3319700012,,,,,,,,,,,,
2017-09-13,1039100037,3319700012,,,,,,,,,,,,
2017-09-13,7643000031,2183600006,,,,,,,,,,,,
2017-09-14,6551000214,2183600006,,,,,,,,,,,,
2017-09-14,7601999664,2111600037,,,,,,,,,,,,
2017-09-16,-1547799988,2111600037,,,,,,,,,,,,
2017-09-16,7138999939,2039700012,,,,,,,,,,,,
2017-09-18,6551000214,2015700073,,,,,,,,,,,,
2017-09-18,7284999847,1583600006,,,,,,,,,,,,
2017-09-18,6018000031,1583600006,,,,,,,,,,,,
2017-09-18,9312000275,194,,,,,,,,,,,,
2017-09-18,8741999817,186,,,,,,,,,,,,
2017-09-19,45,180,,,,,,,,,,,,
2017-09-19,6958000183,1391699982,,,,,,,,,,,,
2017-09-20,4036000061,1391699982,,,,,,,,,,,,
2017-09-20,-2905,166,,,,,,,,,,,,
2017-09-22,-2656000061,166,,,,,,,,,,,,
2017-09-22,15,1327700043,,,,,,,,,,,,
2017-09-22,4756000137,164,,,,,,,,,,,,
2017-09-22,2754000092,6716999817,,,,,,,,,,,,
2017-09-22,6206000137,1709600067,,,,,,,,,,,,
2017-09-22,1862200012,3879599915,,,,,,,,,,,,
2017-09-23,-6315999985,1919700012,,,,,,,,,,,,
2017-09-24,8623999786,176,,,,,,,,,,,,
2017-09-24,4452999878,1391699982,,,,,,,,,,,,
2017-09-24,635,2351999969,,,,,,,,,,,,
2017-09-26,8260000229,1311699982,,,,,,,,,,,,
2017-09-26,20,160,,,,,,,,,,,,
2017-09-26,6175999832,2058800049,,,,,,,,,,,,
2017-09-26,1081500015,3199700012,,,,,,,,,,,,
2017-09-26,1152300034,2351600037,,,,,,,,,,,,
2017-09-27,-1094199982,2303600006,,,,,,,,,,,,
2017-09-27,2386000061,2111600037,,,,,,,,,,,,
2017-09-27,-1008300018,2087700043,,,,,,,,,,,,
2017-09-27,5706000137,1967700043,,,,,,,,,,,,
2017-09-28,8458999634,1799700012,,,,,,,,,,,,
2017-10-01,5543999863,198,,,,,,,,,,,,
2017-10-01,2887000084,1519600067,,,,,,,,,,,,
2017-10-02,7559999847,189,,,,,,,,,,,,
2017-10-02,8555999756,186,,,,,,,,,,,,
2017-10-02,5940000153,180,,,,,,,,,,,,
2017-10-03,7019999695,180,,,,,,,,,,,,
2017-10-04,3886999893,1439600067,,,,,,,,,,,,
2017-10-04,4315999985,166,,,,,,,,,,,,
2017-10-04,4106000137,1311699982,,,,,,,,,,,,
2017-10-05,7708000183,164,,,,,,,,,,,,
2017-10-05,56,160,,,,,,,,,,,,
2017-10-05,4318000031,8995999908,,,,,,,,,,,,
2017-10-05,3184000015,9095999908,,,,,,,,,,,,
2017-10-06,1194999981,1991699982,,,,,,,,,,,,
2017-10-06,-5999400024,3999599915,,,,,,,,,,,,
2017-10-06,1823399963,3879599915,,,,,,,,,,,,
2017-10-06,1113499985,3839599915,,,,,,,,,,,,
2017-10-06,1709799957,3799599915,,,,,,,,,,,,
2017-10-07,38,3799599915,,,,,,,,,,,,
2017-10-07,1851999969,3779599915,,,,,,,,,,,,
2017-10-07,6915000153,3639599915,,,,,,,,,,,,
2017-10-07,-6987000275,1164400024,,,,,,,,,,,,
2017-10-08,1007900009,3599599915,,,,,,,,,,,,
2017-10-09,7601999664,1583600006,,,,,,,,,,,,
2017-10-09,1689400024,3519599915,,,,,,,,,,,,
2017-10-09,1478300018,3519599915,,,,,,,,,,,,
2017-10-09,-6958999634,3479700012,,,,,,,,,,,,
2017-10-10,1053899994,3399700012,,,,,,,,,,,,
2017-10-10,8734999847,3359700012,,,,,,,,,,,,
2017-10-10,2886000061,3279700012,,,,,,,,,,,,
2017-10-11,2015999985,3199700012,,,,,,,,,,,,
2017-10-11,-3911000061,2399600067,,,,,,,,,,,,
2017-10-12,7919000244,2399600067,,,,,,,,,,,,
2017-10-12,1175800018,2351600037,,,,,,,,,,,,
2017-10-12,2047999954,2327599945,,,,,,,,,,,,
2017-10-12,5818999863,2327599945,,,,,,,,,,,,
2017-10-12,8293000031,2303600006,,,,,,,,,,,,
2017-10-12,2603000069,2303600006,,,,,,,,,,,,
2017-10-13,1082699966,2303600006,,,,,,,,,,,,
2017-10-13,7601999664,2303600006,,,,,,,,,,,,
2017-10-13,-460699997,2303600006,,,,,,,,,,,,
2017-10-14,2562000084,2267599945,,,,,,,,,,,,
2017-10-14,3175,2267599945,,,,,,,,,,,,
2017-10-14,6025,2231600037,,,,,,,,,,,,
2017-10-14,-1635800018,2231600037,,,,,,,,,,,,
2017-10-14,1048099976,2183600006,,,,,,,,,,,,
2017-10-14,-4366999817,2183600006,,,,,,,,,,,,
2017-10-15,7558999634,2159600067,,,,,,,,,,,,
2017-10-15,-3695000076,2111600037,,,,,,,,,,,,
2017-10-15,3970000076,2111600037,,,,,,,,,,,,
2017-10-15,5915000153,2039700012,,,,,,,,,,,,
2017-10-15,6730999756,2039700012,,,,,,,,,,,,
2017-10-16,2015999985,2015700073,,,,,,,,,,,,
2017-10-16,6887000275,1967700043,,,,,,,,,,,,
2017-10-16,7083999634,1967700043,,,,,,,,,,,,
2017-10-17,4293999863,1182900009,,,,,,,,,,,,
2017-10-17,-9462999725,1182900009,,,,,,,,,,,,
2017-10-18,8869999886,1182900009,,,,,,,,,,,,
2017-10-18,5440999985,1182900009,,,,,,,,,,,,
2017-10-19,0,1963999939,,,,,,,,,,,,
2017-10-20,-3891999817,1182900009,,,,,,,,,,,,
2017-10-20,4022000122,1182900009,,,,,,,,,,,,
2017-10-20,-2662000084,1182900009,,,,,,,,,,,,
2017-10-20,4061999893,3249599915,,,,,,,,,,,,
2017-10-20,7449999809,1182900009,,,,,,,,,,,,
2017-10-20,-4547000122,5459000015,,,,,,,,,,,,
2017-10-21,5322999954,1182900009,,,,,,,,,,,,
2017-10-21,3549000168,1182900009,,,,,,,,,,,,
2017-10-22,1478999996,1182900009,,,,,,,,,,,,
2017-10-23,3549000168,1182900009,,,,,,,,,,,,
2017-10-23,-190699997,1169899979,,,,,,,,,,,,
2017-10-23,3802000046,1169899979,,,,,,,,,,,,
2017-10-23,1169999981,1169899979,,,,,,,,,,,,
2017-10-23,4095000076,1169899979,,,,,,,,,,,,
2017-10-24,8538999939,1897700043,,,,,,,,,,,,
2017-10-24,5499000168,1169899979,,,,,,,,,,,,
2017-10-24,3861000061,1169899979,,,,,,,,,,,,
2017-10-24,3393000031,1169899979,,,,,,,,,,,,
2017-10-25,1565999985,5399000168,,,,,,,,,,,,
2017-10-25,7116000366,1897700043,,,,,,,,,,,,
2017-10-25,1461999989,1169899979,,,,,,,,,,,,
2017-10-26,505,1942400055,,,,,,,,,,,,
2017-10-26,3977999878,1169899979,,,,,,,,,,,,
2017-10-26,1461999989,1169899979,,,,,,,,,,,,
2017-10-26,585,1169899979,,,,,,,,,,,,
2017-10-26,1169999981,1169899979,,,,,,,,,,,,
2017-10-26,-1519999981,1169899979,,,,,,,,,,,,
2017-10-26,2592000008,5399000168,,,,,,,,,,,,
2017-10-27,3960000038,5279000092,,,,,,,,,,,,
2017-10-28,-2287999916,1143899994,,,,,,,,,,,,
2017-10-28,-9151000214,1143899994,,,,,,,,,,,,
2017-11-01,-2573999977,1143899994,,,,,,,,,,,,
2017-11-01,9149999619,1143899994,,,,,,,,,,,,
2017-11-02,100699997,1143899994,,,,,,,,,,,,
2017-11-02,4575999832,1143899994,,,,,,,,,,,,
2017-11-02,3865999985,1143899994,,,,,,,,,,,,
2017-11-02,5490999985,1143899994,,,,,,,,,,,,
2017-11-02,-1121000004,1899199982,,,,,,,,,,,,
2017-11-03,2973999977,1143899994,,,,,,,,,,,,
2017-11-03,-2573999977,1143899994,,,,,,,,,,,,
2017-11-03,1372999954,1143899994,,,,,,,,,,,,
2017-11-03,2973999977,1143899994,,,,,,,,,,,,
2017-11-03,4004000092,1143899994,,,,,,,,,,,,
2017-11-04,-7630000305,1143899994,,,,,,,,,,,,
2017-11-05,5490999985,1143899994,,,,,,,,,,,,
2017-11-05,528000021,5279000092,,,,,,,,,,,,
2017-11-05,-1830299988,1143899994,,,,,,,,,,,,
2017-11-06,-1715899963,1143899994,,,,,,,,,,,,
2017-11-07,2973999977,1143899994,,,,,,,,,,,,
2017-11-07,2939999962,1130899963,,,,,,,,,,,,
2017-11-07,1409000015,5218999863,,,,,,,,,,,,
2017-11-07,-4860000134,1130899963,,,,,,,,,,,,
2017-11-08,4975999832,1130899963,,,,,,,,,,,,
2017-11-08,5427999878,1130899963,,,,,,,,,,,,
2017-11-08,2939999962,1130899963,,,,,,,,,,,,
2017-11-08,521999979,5218999863,,,,,,,,,,,,
2017-11-08,4104999924,1130899963,,,,,,,,,,,,
2017-11-09,2973999977,1130899963,,,,,,,,,,,,
2017-11-10,-2827000046,1130899963,,,,,,,,,,,,
2017-11-10,-1498500061,1130899963,,,,,,,,,,,,
2017-11-11,2939999962,1130899963,,,,,,,,,,,,
2017-11-11,-9047000122,1130899963,,,,,,,,,,,,
2017-11-11,3822000122,1130899963,,,,,,,,,,,,
2017-11-13,1670000076,5140000153,,,,,,,,,,,,
2017-11-13,-2628699951,1834400024,,,,,,,,,,,,
2017-11-13,5315000153,1130899963,,,,,,,,,,,,
2017-11-14,-2019400024,3106799927,,,,,,,,,,,,
2017-11-14,2453000069,5218999863,,,,,,,,,,,,
2017-11-14,5540999985,1130899963,,,,,,,,,,,,
2017-11-15,1039999962,5218999863,,,,,,,,,,,,
2017-11-15,2148999977,1130899963,,,,,,,,,,,,
2017-11-15,-8290000153,1130899963,,,,,,,,,,,,
2017-11-15,4104999924,1130899963,,,,,,,,,,,,
2017-11-15,-1696399994,1130899963,,,,,,,,,,,,
2017-11-16,1131000042,1130899963,,,,,,,,,,,,
2017-11-17,-6960000038,1104899979,,,,,,,,,,,,
2017-11-17,1214999962,1104899979,,,,,,,,,,,,
2017-11-18,6960000038,1104899979,,,,,,,,,,,,
2017-11-19,4952999878,1834499969,,,,,,,,,,,,
2017-11-20,5519999981,1104899979,,,,,,,,,,,,
2017-11-20,-1657400055,1104899979,,,,,,,,,,,,
2017-11-20,-7369999695,1104899979,,,,,,,,,,,,
2017-11-21,-3852000046,5022000122,,,,,,,,,,,,
2017-11-21,95,1104899979,,,,,,,,,,,,
2017-11-21,5304000092,1104899979,,,,,,,,,,,,
2017-11-22,1537700043,4549500122,,,,,,,,,,,,
2017-11-22,2249799957,4499599915,,,,,,,,,,,,
2017-11-23,-3149700012,4499599915,,,,,,,,,,,,
2017-11-23,1012399979,4499599915,,,,,,,,,,,,
2017-11-23,1214899979,4499599915,,,,,,,,,,,,
2017-11-24,1187900009,4399599915,,,,,,,,,,,,
2017-11-24,4915000153,4349599915,,,,,,,,,,,,
2017-11-24,1957299957,4349599915,,,,,,,,,,,,
2017-11-24,3697999954,1275,,,,,,,,,,,,
2017-11-25,1330099945,4249599915,,,,,,,,,,,,
2017-11-25,1721799927,4199599915,,,,,,,,,,,,
2017-11-26,9448999786,4199599915,,,,,,,,,,,,
2017-11-26,1091900024,4199599915,,,,,,,,,,,,
2017-11-27,2284000015,1343600006,,,,,,,,,,,,
2017-11-28,-6431900024,4149599915,,,,,,,,,,,,
2017-11-28,1147900009,4099599915,,,,,,,,,,,,
2017-11-28,-2152299957,4099599915,,,,,,,,,,,,
2017-11-28,-2869700012,4099599915,,,,,,,,,,,,
2017-12-01,3608000183,4099599915,,,,,,,,,,,,
2017-12-01,1844799957,4099599915,,,,,,,,,,,,
2017-12-01,-5159000015,3999599915,,,,,,,,,,,,
2017-12-01,1351900024,3999599915,,,,,,,,,,,,
2017-12-02,1451900024,3999599915,,,,,,,,,,,,
2017-12-02,1406100006,3749599915,,,,,,,,,,,,
2017-12-02,1799799957,3749599915,,,,,,,,,,,,
2017-12-02,1687299957,3749599915,,,,,,,,,,,,
2017-12-03,-6111999893,3749599915,,,,,,,,,,,,
2017-12-04,1229800034,2999500122,,,,,,,,,,,,
2017-12-04,8698999786,2999500122,,,,,,,,,,,,
2017-12-04,-4499000168,2999500122,,,,,,,,,,,,
2017-12-04,-8248599854,2999500122,,,,,,,,,,,,
2017-12-05,-3934599915,2969500122,,,,,,,,,,,,
2017-12-05,8315000153,2969500122,,,,,,,,,,,,
2017-12-05,1003700027,2969500122,,,,,,,,,,,,
2017-12-05,1069000015,2969500122,,,,,,,,,,,,
2017-12-05,8315000153,2969500122,,,,,,,,,,,,
2017-12-05,9798999786,2969500122,,,,,,,,,,,,
2017-12-05,8908999634,2969500122,,,,,,,,,,,,
2017-12-06,1003700027,2969500122,,,,,,,,,,,,
2017-12-06,9936000061,2939500122,,,,,,,,,,,,
2017-12-06,1322799988,2939500122,,,,,,,,,,,,
2017-12-06,1469999981,2939500122,,,,,,,,,,,,
2017-12-06,9936000061,2939500122,,,,,,,,,,,,
2017-12-07,2910000038,2909500122,,,,,,,,,,,,
2017-12-08,1338399963,2909500122,,,,,,,,,,,,
2017-12-08,2910000038,2909500122,,,,,,,,,,,,
2017-12-10,8729000092,2909500122,,,,,,,,,,,,
2017-12-10,8729000092,2909500122,,,,,,,,,,,,
2017-12-10,349000001,2909500122,,,,,,,,,,,,
2017-12-11,1065400009,2879500122,,,,,,,,,,,,
2017-12-11,9733000183,2879500122,,,,,,,,,,,,
2017-12-11,1382200012,2879500122,,,,,,,,,,,,
2017-12-12,-1439999962,2879500122,,,,,,,,,,,,
2017-12-13,9261000061,2849500122,,,,,,,,,,,,
2017-12-13,-393199997,2849500122,,,,,,,,,,,,
2017-12-14,9637000275,2834500122,,,,,,,,,,,,
2017-12-14,8872000122,2834500122,,,,,,,,,,,,
2017-12-14,1360599976,2834500122,,,,,,,,,,,,
2017-12-15,-3117999878,2834500122,,,,,,,,,,,,
2017-12-15,9212000275,2834500122,,,,,,,,,,,,
2017-12-16,7252999878,2789500122,,,,,,,,,,,,
2017-12-16,7252999878,2789500122,,,,,,,,,,,,
2017-12-17,1037200012,2729500122,,,,,,,,,,,,
2017-12-17,4913000107,2729500122,,,,,,,,,,,,
2017-12-18,9226000214,2729500122,,,,,,,,,,,,
2017-12-18,3084000015,2729500122,,,,,,,,,,,,
2017-12-19,-1917000008,2699599915,,,,,,,,,,,,
2017-12-19,9770000458,2639599915,,,,,,,,,,,,
2017-12-20,8579000092,2639599915,,,,,,,,,,,,
2017-12-20,1266999969,2639599915,,,,,,,,,,,,
2017-12-20,1214199982,2639599915,,,,,,,,,,,,
2017-12-21,-4091300049,2639599915,,,,,,,,,,,,
2017-12-21,2904000092,2639599915,,,,,,,,,,,,
2017-12-21,4302000046,2639599915,,,,,,,,,,,,
2017-12-22,-1122000027,2609599915,,,,,,,,,,,,
2017-12-22,8612000275,2609599915,,,,,,,,,,,,
2017-12-23,9916000366,2609599915,,,,,,,,,,,,
2017-12-23,730699997,2609599915,,,,,,,,,,,,
2017-12-23,1069899979,2609599915,,,,,,,,,,,,
2017-12-23,8168000031,2609599915,,,,,,,,,,,,
2017-12-24,1172799988,2549600067,,,,,,,,,,,,
2017-12-24,6629000092,2549600067,,,,,,,,,,,,
2017-12-25,2880999947,2549600067,,,,,,,,,,,,
2017-12-25,2880999947,2549600067,,,,,,,,,,,,
2017-12-25,6705000305,2549600067,,,,,,,,,,,,
2017-12-25,1147300034,2549600067,,,,,,,,,,,,
2017-12-25,-1846900024,2519600067,,,,,,,,,,,,
2017-12-26,1209400024,2519600067,,,,,,,,,,,,
2017-12-26,-5668999863,2519600067,,,,,,,,,,,,
2017-12-27,4980000019,2489600067,,,,,,,,,,,,
2017-12-27,2190999985,2489600067,,,,,,,,,,,,
2017-12-28,4481000137,2489600067,,,,,,,,,,,,
